Updated on Sun Nov 30 09:50:07 UTC 2025
Updated on Sun Nov 30 09:50:33 UTC 2025
Updated on Sun Nov 30 11:19:42 UTC 2025
Updated on Mon Dec  1 05:24:03 UTC 2025
Updated on Tue Dec  2 05:15:58 UTC 2025
Updated on Wed Dec  3 05:15:40 UTC 2025
Updated on Thu Dec  4 05:16:06 UTC 2025
Updated on Fri Dec  5 05:16:00 UTC 2025
Updated on Sat Dec  6 05:15:00 UTC 2025
Updated on Sun Dec  7 05:14:13 UTC 2025
Updated on Mon Dec  8 05:18:09 UTC 2025
Updated on Tue Dec  9 05:15:53 UTC 2025
Updated on Wed Dec 10 05:17:10 UTC 2025
Updated on Thu Dec 11 05:18:50 UTC 2025
Updated on Fri Dec 12 05:17:15 UTC 2025
Updated on Sat Dec 13 05:15:56 UTC 2025
